currency_name,buying_rate,average_rate,selling_rate,post_date
USD,899.500331,908.494426,917.488521,9/19/2019
USD,899.678761,908.67464,917.670519,9/20/2019
USD,899.827585,908.824952,917.822319,9/23/2019
USD,900.045717,909.045265,918.044813,9/24/2019
USD,900.214343,909.215577,918.216811,9/25/2019
USD,900.442277,909.44579,918.449303,9/26/2019
USD,900.630714,909.636112,918.64151,9/27/2019
USD,900.779547,909.786433,918.793319,9/30/2019
USD,900.947864,909.956433,918.965002,10/1/2019
USD,901.126081,910.136432,919.146783,10/2/2019
USD,901.343901,910.35643,919.368959,10/3/2019
USD,901.472614,910.48643,919.500246,10/4/2019
USD,901.680584,910.696479,919.712374,10/7/2019
USD,901.878611,910.896486,919.914361,10/8/2019
USD,902.046991,911.06655,920.086109,10/9/2019
USD,902.284681,911.306616,920.328551,10/10/2019
USD,902.483184,911.507104,920.531024,10/11/2019
USD,902.493084,911.517103,920.541122,10/14/2019
USD,902.671777,911.697583,920.723389,10/15/2019
USD,902.939148,911.967628,920.996108,10/16/2019
USD,902.935265,911.963706,920.992147,10/17/2019
USD,903.113505,912.143728,921.173951,10/18/2019
USD,903.133373,912.163795,921.194217,10/21/2019
USD,903.400911,912.434008,921.467105,10/22/2019
USD,903.628952,912.664329,921.699706,10/23/2019
USD,903.738075,912.774543,921.811011,10/24/2019
USD,903.985631,913.024574,922.063517,10/25/2019
USD,904.253275,913.294894,922.336513,10/28/2019
USD,904.501039,913.545136,922.589233,10/29/2019
USD,904.738978,913.785454,922.83193,10/30/2019
USD,904.986714,914.035667,923.08462,10/31/2019
USD,905.214746,914.265979,923.317212,11/1/2019
USD,905.393147,914.446164,923.499181,11/4/2019
USD,905.581586,914.636487,923.691388,11/5/2019
USD,905.80944,914.86662,923.9238,11/6/2019
USD,905.968067,915.026833,924.085599,11/7/2019
USD,906.255515,915.317155,924.378795,11/8/2019
USD,906.4803,915.544187,924.608074,11/11/2019
USD,906.559935,915.624619,924.689303,11/12/2019
USD,906.807779,915.874941,924.942103,11/13/2019
USD,907.00611,916.075255,925.1444,11/14/2019
USD,907.184736,916.255667,925.326598,11/15/2019
USD,907.392869,916.465881,925.538893,11/18/2019
USD,907.581307,916.656203,925.731099,11/19/2019
USD,907.848951,916.926524,926.004097,11/20/2019
USD,908.057191,917.136846,926.216501,11/21/2019
USD,908.305034,917.387167,926.4693,11/22/2019
USD,908.453978,917.5376,926.621222,11/25/2019
USD,908.654111,917.739734,926.825357,11/26/2019
USD,908.892053,917.980056,927.068059,11/27/2019
USD,909.070589,918.160377,927.250165,11/28/2019
USD,909.288767,918.380736,927.472705,11/29/2019
USD,909.486998,918.580949,927.6749,12/2/2019
USD,909.734734,918.831163,927.927592,12/3/2019
USD,909.952874,919.051484,928.150094,12/4/2019
USD,910.23042,919.331805,928.43319,12/5/2019
USD,910.458462,919.562127,928.665792,12/6/2019
USD,910.706305,919.812448,928.918591,12/9/2019
USD,910.904643,920.012769,929.120895,12/10/2019
USD,911.152477,920.263082,929.373687,12/11/2019
USD,911.331013,920.443403,929.555793,12/12/2019
USD,911.559055,920.673725,929.788395,12/13/2019
USD,911.777186,920.894037,930.010888,12/16/2019
USD,911.965624,921.084359,930.203094,12/17/2019
USD,912.213467,921.33468,930.455893,12/18/2019
USD,912.441507,921.565001,930.688495,12/19/2019
USD,912.659648,921.785323,930.910998,12/20/2019
USD,912.828283,921.955644,931.083005,12/23/2019
USD,912.977108,922.105957,931.234806,12/24/2019
USD,913.11604,922.246278,931.376516,12/27/2019
USD,913.235658,922.367092,931.498526,12/30/2019
USD,913.384515,922.517438,931.650361,12/31/2019
USD,913.572673,922.707477,931.842281,1/3/2020
USD,913.82025,922.95753,932.09481,1/6/2020
USD,914.078236,923.218095,932.357954,1/7/2020
USD,914.256481,923.398122,932.539763,1/8/2020
USD,914.474621,923.618444,932.762267,1/9/2020
USD,914.623555,923.768867,932.914179,1/10/2020
USD,914.762487,923.909188,933.055889,1/13/2020
USD,914.881617,924.029509,933.177401,1/14/2020
USD,915.02055,924.169831,933.319112,1/15/2020
USD,915.14958,924.300152,933.450724,1/16/2020
USD,915.298407,924.450467,933.602527,1/17/2020
USD,915.457141,924.610788,933.764435,1/20/2020
USD,915.596073,924.751109,933.906145,1/21/2020
USD,915.77472,924.931542,934.088364,1/22/2020
USD,915.903861,925.061975,934.220089,1/23/2020
USD,916.092298,925.252296,934.412294,1/24/2020
USD,916.251133,925.412719,934.574305,1/27/2020
USD,916.42967,925.593041,934.756412,1/28/2020
USD,916.598305,925.763362,934.928419,1/29/2020
USD,916.747139,925.913684,935.080229,1/30/2020
USD,916.915883,926.084116,935.252349,1/31/2020
USD,917.084652,926.254572,935.424492,2/4/2020
USD,917.273191,926.444996,935.616801,2/5/2020
USD,917.432034,926.605428,935.778822,2/6/2020
USD,917.60078,926.775861,935.950942,2/7/2020
USD,917.779426,926.956293,936.13316,2/10/2020
USD,917.987668,927.166618,936.345568,2/11/2020
USD,918.146405,927.326942,936.507479,2/12/2020
USD,918.295349,927.477375,936.659401,2/13/2020
USD,918.463984,927.647696,936.831408,2/14/2020
USD,918.602916,927.788017,936.973118,2/17/2020
USD,918.722046,927.908339,937.094632,2/18/2020
USD,918.940177,928.128651,937.317125,2/19/2020
USD,919.099021,928.289083,937.479145,2/20/2020
USD,919.257469,928.449115,937.640761,2/21/2020
USD,919.426213,928.619547,937.812881,2/24/2020
USD,919.565146,928.759869,937.954592,2/25/2020
USD,919.713872,928.910082,938.106292,2/26/2020
USD,919.882508,929.080404,938.2783,2/27/2020
USD,920.001638,929.200725,938.399812,2/28/2020
USD,920.180175,929.381047,938.581919,3/2/2020
USD,920.041242,929.240725,938.440208,3/3/2020
USD,920.140571,929.341047,938.541523,3/4/2020
USD,920.090756,929.290734,938.490712,3/5/2020
USD,920.239699,929.441167,938.642635,3/6/2020
USD,920.378631,929.581488,938.784345,3/9/2020
USD,920.527288,929.731631,938.935974,3/10/2020
USD,920.338741,929.541199,938.743657,3/11/2020
USD,920.556882,929.761521,938.96616,3/12/2020
USD,920.65621,929.861842,939.067474,3/13/2020
USD,920.834459,930.041874,939.249289,3/16/2020
USD,920.675726,929.881553,939.08738,3/17/2020
USD,920.824875,930.032194,939.239513,3/18/2020
USD,920.943938,930.152447,939.360956,3/19/2020
USD,921.063107,930.272808,939.482509,3/20/2020
USD,921.231457,930.442841,939.654225,3/23/2020
USD,921.301073,930.513153,939.725233,3/24/2020
USD,921.321193,930.533474,939.745755,3/25/2020
USD,921.400719,930.613796,939.826873,3/26/2020
USD,921.370698,930.583474,939.79625,3/27/2020
USD,921.360479,930.573153,939.785827,3/30/2020
USD,921.469601,930.683366,939.897131,3/31/2020
USD,921.529434,930.743798,939.958162,4/1/2020
USD,921.380602,930.593477,939.806352,4/2/2020
USD,921.549129,930.76369,939.978251,4/3/2020
USD,921.499303,930.713365,939.927427,4/6/2020
USD,921.529324,930.743687,939.95805,4/8/2020
USD,921.569246,930.784008,939.99877,4/9/2020
USD,921.628684,930.84404,940.059396,4/14/2020
USD,921.658452,930.874106,940.08976,4/15/2020
USD,921.648499,930.864053,940.079607,4/16/2020
USD,921.608868,930.824026,940.039184,4/17/2020
USD,921.777246,930.994087,940.210928,4/20/2020
USD,921.846582,931.064117,940.281652,4/21/2020
USD,921.925861,931.144188,940.362515,4/22/2020
USD,922.027918,931.247266,940.466614,4/23/2020
USD,922.157002,931.377641,940.59828,4/24/2020
USD,922.305654,931.527779,940.749904,4/27/2020
USD,922.355458,931.578081,940.800704,4/28/2020
USD,922.41495,931.638168,940.861386,4/29/2020
USD,922.48427,931.708181,940.932092,4/30/2020
USD,922.534037,931.758446,940.982855,5/4/2020
USD,922.544093,931.768602,940.993111,5/5/2020
USD,922.672838,931.898634,941.12443,5/6/2020
USD,922.851375,932.078957,941.306539,5/7/2020
USD,922.83135,932.058731,941.286112,5/8/2020
USD,922.980202,932.209072,941.437942,5/11/2020
USD,923.148554,932.379107,941.60966,5/12/2020
USD,923.247792,932.479337,941.710882,5/13/2020
USD,923.366891,932.599627,941.832363,5/14/2020
USD,923.50572,932.739844,941.973968,5/15/2020
USD,923.624759,932.860074,942.095389,5/18/2020
USD,923.793321,933.030321,942.267321,5/19/2020
USD,923.694013,932.93002,942.166027,5/20/2020
USD,923.852519,933.090111,942.327703,5/21/2020
USD,923.951833,933.190418,942.429003,5/22/2020
USD,924.150113,933.390681,942.631249,5/26/2020
USD,924.189717,933.430681,942.671645,5/27/2020
USD,924.259335,933.500995,942.742655,5/28/2020
USD,924.309268,933.551427,942.793586,5/29/2020
USD,924.497706,933.741749,942.985792,6/1/2020
USD,924.735652,933.982075,943.228498,6/2/2020
USD,924.825083,934.0724,943.319717,6/3/2020
USD,925.082827,934.332721,943.582615,6/4/2020
USD,925.271583,934.523364,943.775145,6/5/2020
USD,925.341232,934.59371,943.846188,6/8/2020
USD,925.529669,934.784031,944.038393,6/9/2020
USD,925.688403,934.944352,944.200301,6/10/2020
USD,925.886742,935.144674,944.402606,6/11/2020
USD,925.876629,935.13446,944.392291,6/12/2020
USD,925.985876,935.2448,944.503724,6/15/2020
USD,925.836934,935.094368,944.351802,6/16/2020
USD,925.965966,935.22469,944.483414,6/17/2020
USD,926.184096,935.445002,944.705908,6/18/2020
USD,926.352732,935.615324,944.877916,6/19/2020
USD,926.570872,935.835645,945.100418,6/22/2020
USD,926.640607,935.906077,945.171547,6/23/2020
USD,926.87855,936.146399,945.414248,6/24/2020
USD,927.2056,936.47672,945.74784,6/25/2020
USD,927.314829,936.587041,945.859253,6/26/2020
USD,927.235312,936.506729,945.778146,6/29/2020
USD,927.800097,937.077161,946.354225,6/30/2020
USD,928.165325,937.446041,946.726757,7/2/2020
USD,928.423069,937.706362,946.989655,7/3/2020
USD,928.601727,937.886806,947.171885,7/7/2020
USD,928.937361,938.225796,947.514231,7/8/2020
USD,929.307947,938.600088,947.892229,7/9/2020
USD,929.674603,938.97041,948.266217,7/10/2020
USD,929.912349,939.210533,948.508717,7/13/2020
USD,930.422282,939.725565,949.028848,7/14/2020
USD,930.501809,939.805887,949.109965,7/15/2020
USD,930.799157,940.106208,949.413259,7/16/2020
USD,931.185327,940.49624,949.807153,7/17/2020
USD,931.393567,940.706562,950.019557,7/20/2020
USD,931.715371,941.031584,950.347797,7/21/2020
USD,932.151333,941.471905,950.792477,7/22/2020
USD,932.59225,941.917231,951.242212,7/23/2020
USD,933.08433,942.414231,951.744132,7/24/2020
USD,933.643246,942.978735,952.314224,7/27/2020
USD,933.543918,942.878414,952.21291,7/28/2020
USD,933.900358,943.238418,952.576478,7/29/2020
USD,934.341942,943.684418,953.026894,7/30/2020
USD,934.607611,943.952743,953.297875,8/3/2020
USD,934.637632,943.983064,953.328496,8/4/2020
USD,935.014187,944.363385,953.712583,8/5/2020
USD,935.3608661,944.71353,954.0661939,8/6/2020
USD,935.68781,945.043743,954.399676,8/10/2020
USD,936.153474,945.514063,954.874652,8/11/2020
USD,936.609045,945.974189,955.339333,8/12/2020
USD,937.163641,946.534331,955.905021,8/13/2020
USD,937.607107,946.982231,956.357355,8/14/2020
USD,937.696338,947.072354,956.44837,8/18/2020
USD,938.043191,947.422675,956.802159,8/19/2020
USD,938.436282,947.819697,957.203112,8/20/2020
USD,938.859212,948.246856,957.6345,8/21/2020
USD,939.057443,948.447069,957.836695,8/24/2020
USD,939.245774,948.637283,958.028792,8/25/2020
USD,939.661827,949.057496,958.453165,8/26/2020
USD,939.939178,949.33762,958.736062,8/27/2020
USD,940.216527,949.617743,959.018959,8/28/2020
USD,940.503867,949.907956,959.312045,8/31/2020
USD,940.731802,950.13817,959.544538,9/1/2020
USD,941.118151,950.528382,959.938613,9/2/2020
USD,941.336292,950.748704,960.161116,9/3/2020
USD,941.584135,950.999025,960.413915,9/4/2020
USD,941.92098,951.339238,960.757496,9/7/2020
USD,942.317231,951.739452,961.161673,9/8/2020
USD,942.535371,951.959773,961.384175,9/9/2020
USD,942.911928,952.340095,961.768262,9/10/2020
USD,943.110266,952.540416,961.970566,9/11/2020
USD,943.288802,952.720737,962.152672,9/14/2020
USD,943.800012,953.237059,962.674106,9/15/2020
USD,944.018152,953.45738,962.896608,9/16/2020
USD,944.245896,953.687401,963.128906,9/17/2020
USD,944.647502,954.093023,963.538544,9/18/2020
USD,944.855741,954.303344,963.750947,9/21/2020
USD,945.113379,954.563558,964.013737,9/22/2020
USD,945.556075,955.010681,964.465287,9/23/2020
USD,945.800841,955.257894,964.714947,9/24/2020
USD,946.381053,955.843908,965.306763,9/25/2020
USD,946.774794,956.241586,965.708378,9/28/2020
USD,947.040352,956.509799,965.979246,9/29/2020
USD,947.337506,956.809924,966.282342,9/30/2020
USD,947.565441,957.040138,966.514835,10/1/2020
USD,947.92856,957.406888,966.885216,10/2/2020
USD,948.489967,957.973909,967.457851,10/5/2020
USD,948.757506,958.244123,967.73074,10/6/2020
USD,949.397132,958.890144,968.383156,10/7/2020
USD,949.644867,959.140357,968.635847,10/8/2020
USD,949.862832,959.360501,968.85817,10/9/2020
USD,950.334331,959.836714,969.339097,10/12/2020
USD,950.591967,960.096927,969.601887,10/13/2020
USD,950.790111,960.297052,969.803993,10/14/2020
USD,951.301034,960.813084,970.325134,10/15/2020
USD,951.703333,961.219405,970.735477,10/16/2020
USD,951.921484,961.439737,970.95799,10/19/2020
USD,952.119714,961.63995,971.160186,10/20/2020
USD,952.423887,961.947164,971.470441,10/21/2020
USD,952.57272,962.097485,971.62225,10/22/2020
USD,952.879772,962.407607,971.935442,10/23/2020
USD,953.068209,962.597928,972.127647,10/26/2020
USD,953.226943,962.75825,972.289557,10/27/2020
USD,953.395471,962.928463,972.461455,10/28/2020
USD,953.544197,963.078676,972.613155,10/29/2020
USD,953.722627,963.25889,972.795153,10/30/2020
USD,953.920859,963.459104,972.997349,11/2/2020
USD,954.208199,963.749317,973.290435,11/3/2020
USD,954.386537,963.929438,973.472339,11/4/2020
USD,954.653975,964.199551,973.745127,11/5/2020
USD,954.941226,964.489674,974.038122,11/6/2020
USD,955.266011,964.817706,974.369401,11/9/2020
USD,955.484045,965.03792,974.591795,11/10/2020
USD,955.721799,965.278052,974.834305,11/11/2020
USD,956.006969,965.566073,975.125177,11/12/2020
USD,956.312232,965.874388,975.436544,11/13/2020
USD,956.556997,966.121601,975.686205,11/16/2020
USD,956.774941,966.341724,975.908507,11/17/2020
USD,957.099706,966.669736,976.239766,11/18/2020
USD,957.287045,966.858949,976.430853,11/19/2020
USD,957.465284,967.03897,976.612656,11/20/2020
USD,957.633623,967.208992,976.784361,11/23/2020
USD,957.881466,967.459313,977.03716,11/24/2020
USD,958.158816,967.739436,977.320056,11/25/2020
USD,958.356857,967.939458,977.522059,11/26/2020
USD,958.584601,968.169479,977.754357,11/27/2020
USD,958.842039,968.429491,978.016943,11/30/2020
USD,959.000487,968.589523,978.178559,12/1/2020
USD,959.238142,968.829555,978.420968,12/2/2020
USD,959.436184,969.029577,978.62297,12/3/2020
USD,959.594918,969.189898,978.784878,12/4/2020
USD,959.822653,969.41991,979.017167,12/7/2020
USD,960.020695,969.619932,979.219169,12/8/2020
USD,960.208826,969.809944,979.411062,12/9/2020
USD,960.357361,969.959965,979.562569,12/10/2020
USD,960.486107,970.089998,979.693889,12/11/2020
USD,960.654445,970.260019,979.865593,12/14/2020
USD,960.911892,970.52004,980.128188,12/15/2020
USD,961.100032,970.710062,980.320092,12/16/2020
USD,961.337677,970.950083,980.562489,12/17/2020
USD,961.537005,971.151404,980.765803,12/18/2020
USD,961.705533,971.321617,980.937701,12/21/2020
USD,961.923674,971.541939,981.160204,12/22/2020
USD,962.112111,971.73226,981.352409,12/23/2020
USD,962.290541,971.912474,981.534407,12/24/2020
USD,962.528376,972.152688,981.777,12/29/2020
USD,962.746409,972.372901,981.999393,12/30/2020
USD,962.8475331,972.475036,982.1025389,12/31/2020
USD,962.917052,972.54525,982.173448,1/5/2021
USD,963.217469,972.848671,982.479873,1/6/2021
USD,963.058625,972.688239,982.317853,1/7/2021
USD,963.280408,972.912239,982.54407,1/8/2021
USD,963.557649,973.192252,982.826855,1/11/2021
USD,963.577662,973.212465,982.847268,1/12/2021
USD,963.816902,973.454098,983.091294,1/13/2021
USD,963.91623,973.554419,983.192608,1/14/2021
USD,963.985855,973.62474,983.263625,1/15/2021
USD,964.154304,973.794873,983.435442,1/18/2021
USD,964.352535,973.995086,983.637637,1/19/2021
USD,964.521063,974.165299,983.809535,1/20/2021
USD,964.768799,974.415513,984.062227,1/21/2021
USD,965.006741,974.655834,984.304927,1/22/2021
USD,964.907412,974.555512,984.203612,1/25/2021
USD,965.095743,974.745726,984.395709,1/26/2021
USD,965.17526,974.826038,984.476816,1/27/2021
USD,965.274589,974.92636,984.578131,1/28/2021
USD,965.541937,975.196381,984.850825,1/29/2021
USD,965.749999,975.406524,985.063049,2/2/2021
USD,965.779822,975.436645,985.093468,2/3/2021
USD,965.809638,975.466759,985.12388,2/4/2021
USD,966.007869,975.666972,985.326075,2/5/2021
USD,966.166416,975.827104,985.487792,2/8/2021
USD,966.295129,975.957104,985.619079,2/9/2021
USD,966.443765,976.107227,985.770689,2/10/2021
USD,966.533086,976.197441,985.861796,2/11/2021
USD,966.691713,976.357654,986.023595,2/12/2021
USD,966.880043,976.547867,986.215691,2/15/2021
USD,966.770921,976.437654,986.104387,2/16/2021
USD,966.880043,976.547867,986.215691,2/17/2021
USD,966.838326,976.505733,986.17314,2/18/2021
USD,966.96725,976.635946,986.304642,2/19/2021
USD,967.035779,976.70516,986.374541,2/22/2021
USD,966.905864,976.573946,986.242028,2/23/2021
USD,967.213006,976.884159,986.555312,2/24/2021
USD,967.302327,976.974373,986.646419,2/25/2021
USD,967.292215,976.96416,986.636105,2/26/2021
USD,967.510248,977.184373,986.858498,3/1/2021
USD,967.470331,977.144057,986.817783,3/2/2021
USD,967.707955,977.384057,987.060159,3/3/2021
USD,967.608627,977.283736,986.958845,3/4/2021
USD,967.707848,977.383949,987.06005,3/5/2021
USD,967.826978,977.50427,987.181562,3/8/2021
USD,967.708134,977.384238,987.060342,3/9/2021
USD,967.718067,977.39427,987.070473,3/10/2021
USD,967.797594,977.474592,987.15159,3/11/2021
USD,967.901575,977.579613,987.257651,3/12/2021
USD,968.000797,977.679827,987.358857,3/15/2021
USD,968.179226,977.86004,987.540854,3/16/2021
USD,968.367662,978.050361,987.73306,3/17/2021
USD,968.466693,978.150382,987.834071,3/18/2021
USD,968.545923,978.230404,987.914885,3/19/2021
USD,968.70466,978.390728,988.076796,3/22/2021
USD,968.665024,978.350696,988.036368,3/23/2021
USD,968.932562,978.620909,988.309256,3/24/2021
USD,968.882846,978.570696,988.258546,3/25/2021
USD,969.249394,978.940909,988.632424,3/26/2021
USD,969.237382,978.928777,988.620172,3/29/2021
USD,969.415811,979.10899,988.802169,3/30/2021
USD,969.587309,979.282203,988.977097,3/31/2021
USD,969.77554,979.472316,989.169092,4/1/2021
USD,969.983672,979.682529,989.381386,4/6/2021
USD,970.211841,979.912979,989.614117,4/8/2021
USD,970.4891,980.193011,989.896922,4/9/2021
USD,970.736934,980.443323,990.149712,4/12/2021
USD,970.850006,980.557526,990.265046,4/13/2021
USD,970.982713,980.691559,990.400405,4/14/2021
USD,971.270052,980.981772,990.693492,4/15/2021
USD,971.339668,981.052084,990.7645,4/16/2021
USD,971.448898,981.162406,990.875914,4/19/2021
USD,971.528317,981.242619,990.956921,4/20/2021
USD,971.627646,981.342941,991.058236,4/21/2021
USD,971.64748,981.362973,991.078466,4/22/2021
USD,971.727115,981.443405,991.159695,4/23/2021
USD,971.846246,981.563727,991.281208,4/26/2021
USD,971.935673,981.654048,991.372423,4/27/2021
USD,972.133903,981.85426,991.574617,4/28/2021
USD,972.213323,981.934474,991.655625,4/29/2021
USD,972.411553,982.134686,991.857819,4/30/2021
USD,972.367957,982.090654,991.813351,5/4/2021
USD,972.546384,982.270866,991.995348,5/5/2021
USD,972.496562,982.220545,991.944528,5/6/2021
USD,972.635207,982.360577,992.085947,5/7/2021
USD,972.763941,982.490598,992.217255,5/10/2021
USD,972.714118,982.440277,992.166436,5/11/2021
USD,972.872566,982.600309,992.328052,5/12/2021
USD,973.001311,982.730341,992.459371,5/14/2021
USD,973.248867,982.980373,992.711879,5/17/2021
USD,973.3677,983.100394,992.833088,5/18/2021
USD,973.387712,983.120606,992.8535,5/19/2021
USD,973.582765,983.317609,993.052453,5/20/2021
USD,973.6224,983.357641,993.092882,5/21/2021
USD,973.682125,983.417963,993.153801,5/24/2021
USD,973.840573,983.577995,993.315417,5/25/2021
USD,974.078407,983.818207,993.558007,5/26/2021
USD,974.177834,983.918628,993.659422,5/27/2021
USD,974.326666,984.068949,993.811232,5/28/2021
USD,974.55441,984.29897,994.04353,5/31/2021
USD,974.742551,984.488992,994.235433,6/1/2021
USD,974.881186,984.629013,994.37684,6/2/2021
USD,975.059417,984.809026,994.558635,6/3/2021
USD,975.227754,984.979047,994.73034,6/4/2021
USD,975.327083,985.079369,994.831655,6/7/2021
USD,975.37662,985.129401,994.882182,6/8/2021
USD,975.66377,985.419422,995.175074,6/9/2021
USD,975.564728,985.31939,995.074052,6/10/2021
USD,975.554815,985.309378,995.063941,6/11/2021
USD,975.802372,985.55941,995.316448,6/14/2021
USD,975.931106,985.689431,995.447756,6/15/2021
USD,976.178651,985.939452,995.700253,6/16/2021
USD,976.139027,985.899431,995.659835,6/17/2021
USD,976.416275,986.179452,995.942629,6/18/2021
USD,976.584613,986.349473,996.114333,6/21/2021
USD,976.772754,986.539495,996.306236,6/22/2021
USD,976.673722,986.439473,996.205224,6/23/2021
USD,976.911557,986.679686,996.447815,6/24/2021
USD,977.010743,986.779864,996.548985,6/25/2021
USD,977.238509,987.009907,996.781305,6/28/2021
USD,977.387056,987.159939,996.932822,6/29/2021
USD,977.367211,987.139896,996.912581,6/30/2021
USD,977.505857,987.279928,997.053999,7/2/2021
USD,977.743502,987.51995,997.296398,7/6/2021
USD,977.94184,987.720271,997.498702,7/7/2021
USD,978.179485,987.960292,997.741099,7/8/2021
USD,978.328022,988.110314,997.892606,7/9/2021
USD,978.555766,988.340335,998.124904,7/12/2021
USD,978.476515,988.260292,998.044069,7/13/2021
USD,978.684468,988.470324,998.25618,7/14/2021
USD,978.932024,988.720356,998.508688,7/15/2021
USD,979.110274,988.900388,998.690502,7/16/2021
USD,979.021133,988.810356,998.599579,7/19/2021
USD,979.189482,988.980388,998.771294,7/21/2021
USD,979.437028,989.230409,999.02379,7/22/2021
USD,979.615278,989.410441,999.205604,7/23/2021
USD,979.833113,989.630455,999.427797,7/26/2021
USD,979.862851,989.66049,999.458129,7/27/2021
USD,979.843038,989.640479,999.43792,7/28/2021
USD,980.041267,989.84069,999.640113,7/29/2021
USD,980.209704,990.010811,999.811918,7/30/2021
USD,980.427671,990.230957,"1,000.03",8/2/2021
USD,980.348402,990.150896,999.95339,8/3/2021
USD,980.566236,990.370908,"1,000.18",8/4/2021
USD,980.764399,990.571052,"1,000.38",8/5/2021
USD,980.685172,990.491033,"1,000.30",8/9/2021
USD,980.891234,990.699156,"1,000.51",8/10/2021
USD,981.128875,990.939173,"1,000.75",8/11/2021
USD,981.257607,991.069192,"1,000.88",8/12/2021
USD,981.445734,991.2592,"1,001.07",8/13/2021
USD,981.614073,991.429222,"1,001.24",8/17/2021
USD,981.643791,991.459237,"1,001.27",8/18/2021
USD,981.92104,991.739259,"1,001.56",8/19/2021
USD,982.11925,991.939451,"1,001.76",8/20/2021
USD,982.287602,992.109486,"1,001.93",8/23/2021
USD,982.426253,992.249523,"1,002.07",8/24/2021
USD,982.624407,992.449659,"1,002.27",8/25/2021
USD,982.862059,992.689687,"1,002.52",8/26/2021
USD,983.020507,992.849719,"1,002.68",8/27/2021
USD,983.18885,993.019745,"1,002.85",8/30/2021
USD,983.386962,993.219838,"1,003.05",8/31/2021
USD,983.614714,993.449868,"1,003.29",9/1/2021
USD,983.892094,993.730021,"1,003.57",9/2/2021
USD,984.090249,993.930158,"1,003.77",9/3/2021
USD,984.218988,994.060184,"1,003.90",9/6/2021
USD,984.466549,994.31022,"1,004.15",9/7/2021
USD,984.664722,994.510375,"1,004.36",9/8/2021
USD,984.912267,994.760395,"1,004.61",9/9/2021
USD,985.0707,994.920412,"1,004.77",9/10/2021
USD,985.199451,995.05045,"1,004.90",9/13/2021
USD,985.031119,994.880435,"1,004.73",9/14/2021
USD,985.278667,995.130459,"1,004.98",9/15/2021
USD,985.555926,995.41049,"1,005.27",9/16/2021
USD,985.823278,995.680515,"1,005.54",9/17/2021
USD,986.070818,995.93053,"1,005.79",9/20/2021
USD,986.288661,996.150551,"1,006.01",9/21/2021
USD,986.328296,996.190583,"1,006.05",9/22/2021
USD,986.506536,996.370605,"1,006.23",9/23/2021
USD,986.714478,996.580626,"1,006.45",9/24/2021
USD,986.883116,996.75095,"1,006.62",9/27/2021
USD,987.150652,997.021161,"1,006.89",9/28/2021
USD,987.437898,997.31128,"1,007.18",9/29/2021
USD,987.655931,997.531493,"1,007.41",9/30/2021
USD,987.93337,997.811706,"1,007.69",10/1/2021
USD,988.181018,998.06183,"1,007.94",10/4/2021
USD,988.468266,998.35195,"1,008.24",10/5/2021
USD,988.74563,998.632088,"1,008.52",10/6/2021
USD,989.012987,998.902118,"1,008.79",10/7/2021
USD,989.290346,999.18225,"1,009.07",10/8/2021
USD,989.538014,999.432395,"1,009.33",10/11/2021
USD,989.736057,999.632418,"1,009.53",10/12/2021
USD,989.874715,999.772462,"1,009.67",10/13/2021
USD,990.152154,"1,000.05","1,009.95",10/14/2021
USD,990.350216,"1,000.25","1,010.16",10/15/2021
USD,990.538367,"1,000.44","1,010.35",10/18/2021
USD,990.667093,"1,000.57","1,010.48",10/19/2021
USD,990.914638,"1,000.82","1,010.73",10/20/2021
USD,991.093067,"1,001.00","1,010.91",10/21/2021
USD,991.360415,"1,001.27","1,011.19",10/22/2021
USD,991.607963,"1,001.52","1,011.44",10/25/2021
USD,991.806004,"1,001.72","1,011.64",10/26/2021
USD,992.083264,"1,002.00","1,011.92",10/27/2021
USD,992.340722,"1,002.26","1,012.19",10/28/2021
USD,992.588268,"1,002.51","1,012.44",10/29/2021
USD,992.786497,"1,002.71","1,012.64",11/1/2021
USD,992.875637,"1,002.80","1,012.73",11/2/2021
USD,993.043976,"1,002.97","1,012.90",11/3/2021
USD,993.182611,"1,003.11","1,013.04",11/4/2021
USD,993.301455,"1,003.23","1,013.17",11/5/2021
USD,993.450002,"1,003.38","1,013.32",11/8/2021
USD,993.667845,"1,003.60","1,013.54",11/9/2021
USD,993.826304,"1,003.76","1,013.70",11/10/2021
USD,994.103554,"1,004.04","1,013.98",11/11/2021
USD,994.351104,"1,004.29","1,014.24",11/12/2021
USD,994.489747,"1,004.43","1,014.38",11/15/2021
USD,994.578873,"1,004.52","1,014.47",11/16/2021
USD,994.707621,"1,004.65","1,014.60",11/17/2021
USD,994.846264,"1,004.79","1,014.74",11/18/2021
USD,995.113619,"1,005.06","1,015.01",11/19/2021
USD,995.262189,"1,005.21","1,015.17",11/22/2021
USD,995.331519,"1,005.28","1,015.24",11/23/2021
USD,995.628725,"1,005.58","1,015.54",11/24/2021
USD,995.945584,"1,005.90","1,015.86",11/25/2021
USD,996.133718,"1,006.09","1,016.05",11/26/2021
USD,996.311959,"1,006.27","1,016.24",11/29/2021
USD,996.480286,"1,006.44","1,016.41",11/30/2021
USD,996.727833,"1,006.69","1,016.66",12/1/2021
USD,996.876369,"1,006.84","1,016.81",12/2/2021
USD,997.005291,"1,006.97","1,016.94",12/3/2021
USD,997.282541,"1,007.25","1,017.23",12/6/2021
USD,997.421176,"1,007.39","1,017.37",12/7/2021
USD,997.55981,"1,007.53","1,017.51",12/8/2021
USD,997.73805,"1,007.71","1,017.69",12/9/2021
USD,997.807373,"1,007.78","1,017.76",12/10/2021
USD,997.946008,"1,007.92","1,017.90",12/13/2021
USD,998.074753,"1,008.05","1,018.03",12/14/2021
USD,998.302684,"1,008.28","1,018.27",12/15/2021
USD,998.44133,"1,008.42","1,018.41",12/16/2021
USD,998.530483,"1,008.51","1,018.50",12/17/2021
USD,998.589909,"1,008.57","1,018.56",12/20/2021
USD,998.728544,"1,008.71","1,018.70",12/21/2021
USD,998.758279,"1,008.74","1,018.73",12/22/2021
USD,998.817914,"1,008.81","1,018.79",12/23/2021
USD,998.97654,"1,008.97","1,018.95",12/24/2021
USD,999.127353,"1,009.12","1,019.11",12/28/2021
USD,999.275899,"1,009.27","1,019.26",12/29/2021
USD,999.434426,"1,009.43","1,019.42",12/30/2021
USD,999.622566,"1,009.62","1,019.61",12/31/2021
USD,999.820796,"1,009.82","1,019.82",1/4/2022
USD,999.920017,"1,009.92","1,019.92",1/5/2022
USD,"1,000.10","1,010.10","1,020.10",1/6/2022
USD,"1,000.20","1,010.20","1,020.20",1/7/2022
USD,"1,000.33","1,010.33","1,020.33",1/10/2022
USD,"1,000.52","1,010.53","1,020.53",1/11/2022
USD,"1,000.69","1,010.70","1,020.70",1/12/2022
USD,"1,000.86","1,010.87","1,020.88",1/13/2022
USD,"1,001.11","1,011.12","1,021.13",1/14/2022
USD,"1,001.21","1,011.22","1,021.23",1/17/2022
USD,"1,001.29","1,011.30","1,021.31",1/18/2022
USD,"1,001.37","1,011.38","1,021.39",1/19/2022
USD,"1,001.50","1,011.51","1,021.52",1/20/2022
USD,"1,001.63","1,011.65","1,021.67",1/21/2022
USD,"1,001.72","1,011.74","1,021.76",1/24/2022
USD,"1,001.80","1,011.82","1,021.84",1/25/2022
USD,"1,001.95","1,011.97","1,021.99",1/26/2022
USD,"1,002.22","1,012.24","1,022.26",1/27/2022
USD,"1,002.33","1,012.35","1,022.37",1/28/2022
USD,"1,002.46","1,012.48","1,022.51",1/31/2022
USD,"1,002.74","1,012.77","1,022.80",2/2/2022
USD,"1,002.96","1,012.99","1,023.02",2/3/2022
USD,"1,003.20","1,013.23","1,023.26",2/4/2022
USD,"1,003.33","1,013.37","1,023.40",2/7/2022
USD,"1,003.47","1,013.51","1,023.54",2/8/2022
USD,"1,003.64","1,013.68","1,023.71",2/9/2022
USD,"1,003.79","1,013.83","1,023.87",2/10/2022
USD,"1,003.84","1,013.88","1,023.92",2/11/2022
USD,"1,004.08","1,014.12","1,024.16",2/14/2022
USD,"1,004.18","1,014.22","1,024.26",2/15/2022
USD,"1,004.30","1,014.34","1,024.38",2/16/2022
USD,"1,004.44","1,014.48","1,024.52",2/17/2022
USD,"1,004.50","1,014.54","1,024.58",2/18/2022
USD,"1,004.69","1,014.73","1,024.78",2/21/2022
USD,"1,004.78","1,014.83","1,024.88",2/22/2022
USD,"1,004.95","1,015.00","1,025.05",2/23/2022
USD,"1,005.14","1,015.19","1,025.24",2/24/2022
USD,"1,005.30","1,015.35","1,025.40",2/25/2022
USD,"1,005.44","1,015.49","1,025.55",2/28/2022
USD,"1,005.60","1,015.65","1,025.71",3/1/2022
USD,"1,005.55","1,015.60","1,025.66",3/2/2022
USD,"1,005.70","1,015.75","1,025.81",3/3/2022
USD,"1,005.72","1,015.77","1,025.83",3/4/2022
USD,"1,005.89","1,015.95","1,026.01",3/7/2022
USD,"1,006.07","1,016.13","1,026.19",3/8/2022
USD,"1,006.32","1,016.38","1,026.44",3/9/2022
USD,"1,006.51","1,016.57","1,026.64",3/10/2022
USD,"1,006.69","1,016.75","1,026.82",3/11/2022
USD,"1,006.65","1,016.71","1,026.78",3/14/2022
USD,"1,006.92","1,016.98","1,027.05",3/15/2022
USD,"1,007.15","1,017.22","1,027.29",3/16/2022
USD,"1,007.32","1,017.39","1,027.47",3/17/2022
USD,"1,007.52","1,017.59","1,027.67",3/18/2022
USD,"1,007.67","1,017.74","1,027.82",3/21/2022
USD,"1,007.70","1,017.77","1,027.85",3/22/2022
USD,"1,007.97","1,018.05","1,028.12",3/23/2022
USD,"1,007.93","1,018.00","1,028.08",3/24/2022
USD,"1,008.21","1,018.29","1,028.38",3/25/2022
USD,"1,007.95","1,018.02","1,028.10",3/28/2022
USD,"1,008.14","1,018.22","1,028.31",3/29/2022
USD,"1,008.40","1,018.49","1,028.57",3/30/2022
USD,"1,008.51","1,018.60","1,028.68",3/31/2022
USD,"1,008.49","1,018.58","1,028.66",4/1/2022
USD,"1,008.55","1,018.64","1,028.72",4/4/2022
USD,"1,008.76","1,018.85","1,028.93",4/5/2022
USD,"1,008.84","1,018.93","1,029.01",4/6/2022
USD,"1,009.04","1,019.13","1,029.22",4/8/2022
USD,"1,008.99","1,019.08","1,029.16",4/11/2022
USD,"1,009.28","1,019.37","1,029.46",4/12/2022
USD,"1,009.23","1,019.32","1,029.41",4/13/2022
USD,"1,009.51","1,019.60","1,029.69",4/14/2022
USD,"1,009.42","1,019.51","1,029.60",4/19/2022
USD,"1,009.67","1,019.76","1,029.86",4/20/2022
USD,"1,009.73","1,019.83","1,029.93",4/21/2022
USD,"1,009.75","1,019.85","1,029.95",4/22/2022
USD,"1,009.62","1,019.71","1,029.81",4/25/2022
USD,"1,009.83","1,019.93","1,030.03",4/26/2022
USD,"1,010.10","1,020.20","1,030.30",4/27/2022
USD,"1,010.05","1,020.15","1,030.25",4/28/2022
USD,"1,009.93","1,020.03","1,030.13",4/29/2022
USD,"1,010.16","1,020.26","1,030.36",5/4/2022
USD,"1,010.33","1,020.43","1,030.53",5/5/2022
USD,"1,010.54","1,020.64","1,030.75",5/6/2022
USD,"1,010.51","1,020.61","1,030.72",5/9/2022
USD,"1,010.69","1,020.79","1,030.90",5/10/2022
USD,"1,010.91","1,021.02","1,031.13",5/11/2022
USD,"1,010.67","1,020.77","1,030.88",5/12/2022
USD,"1,010.40","1,020.50","1,030.60",5/13/2022
USD,"1,010.50","1,020.60","1,030.71",5/16/2022
USD,"1,010.79","1,020.90","1,031.01",5/17/2022
USD,"1,010.99","1,021.10","1,031.21",5/18/2022
USD,"1,010.99","1,021.10","1,031.21",5/19/2022
USD,"1,011.38","1,021.49","1,031.60",5/20/2022
USD,"1,011.48","1,021.59","1,031.70",5/23/2022
USD,"1,011.41","1,021.53","1,031.64",5/24/2022
USD,"1,011.63","1,021.75","1,031.86",5/25/2022
USD,"1,011.50","1,021.62","1,031.73",5/26/2022
USD,"1,011.60","1,021.72","1,031.83",5/27/2022
USD,"1,011.86","1,021.98","1,032.09",5/30/2022
USD,"1,012.05","1,022.17","1,032.29",5/31/2022
USD,"1,012.02","1,022.14","1,032.26",6/1/2022
USD,"1,011.95","1,022.07","1,032.18",6/2/2022
USD,"1,012.27","1,022.40","1,032.52",6/3/2022
USD,"1,012.51","1,022.64","1,032.76",6/6/2022
USD,"1,012.47","1,022.60","1,032.72",6/7/2022
USD,"1,012.48","1,022.60","1,032.73",6/8/2022
USD,"1,012.74","1,022.86","1,032.99",6/9/2022
USD,"1,012.81","1,022.94","1,033.07",6/10/2022
USD,"1,012.90","1,023.02","1,033.15",6/13/2022
USD,"1,012.84","1,022.96","1,033.09",6/14/2022
USD,"1,012.88","1,023.00","1,033.13",6/15/2022
USD,"1,013.01","1,023.14","1,033.27",6/16/2022
USD,"1,012.94","1,023.07","1,033.20",6/17/2022
USD,"1,013.08","1,023.21","1,033.34",6/20/2022
USD,"1,013.24","1,023.37","1,033.50",6/21/2022
USD,"1,013.32","1,023.45","1,033.59",6/22/2022
USD,"1,013.71","1,023.84","1,033.98",6/23/2022
USD,"1,013.68","1,023.81","1,033.95",6/24/2022
USD,"1,013.97","1,024.10","1,034.24",6/27/2022
USD,"1,013.77","1,023.90","1,034.04",6/28/2022
USD,"1,014.06","1,024.20","1,034.34",6/29/2022
USD,"1,014.34","1,024.48","1,034.62",6/30/2022
USD,"1,014.48","1,024.62","1,034.77",7/5/2022
USD,"1,014.69","1,024.83","1,034.98",7/6/2022
USD,"1,014.95","1,025.10","1,035.25",7/7/2022
USD,"1,015.07","1,025.22","1,035.37",7/8/2022
USD,"1,015.15","1,025.30","1,035.45",7/12/2022
USD,"1,015.32","1,025.47","1,035.63",7/13/2022
USD,"1,015.57","1,025.72","1,035.88",7/14/2022
USD,"1,015.80","1,025.95","1,036.11",7/15/2022
USD,"1,016.13","1,026.29","1,036.45",7/18/2022
USD,"1,016.32","1,026.48","1,036.65",7/19/2022
USD,"1,016.60","1,026.76","1,036.93",7/20/2022
USD,"1,016.90","1,027.06","1,037.23",7/21/2022
USD,"1,017.18","1,027.35","1,037.53",7/22/2022
USD,"1,017.51","1,027.68","1,037.85",7/25/2022
USD,"1,017.79","1,027.97","1,038.15",7/26/2022
USD,"1,018.10","1,028.28","1,038.46",7/27/2022
USD,"1,018.40","1,028.58","1,038.76",7/28/2022
USD,"1,018.64","1,028.82","1,039.01",7/29/2022
USD,"1,018.88","1,029.07","1,039.26",8/1/2022
USD,"1,019.09","1,029.28","1,039.47",8/2/2022
USD,"1,019.38","1,029.57","1,039.76",8/3/2022
USD,"1,019.70","1,029.89","1,040.09",8/4/2022
USD,"1,019.99","1,030.19","1,040.39",8/8/2022
USD,"1,020.22","1,030.42","1,040.62",8/9/2022
USD,"1,020.54","1,030.74","1,040.95",8/10/2022
USD,"1,020.83","1,031.03","1,041.24",8/11/2022
USD,"1,021.12","1,031.33","1,041.54",8/12/2022
USD,"1,021.40","1,031.61","1,041.83",8/16/2022
USD,"1,021.71","1,031.92","1,042.14",8/17/2022
USD,"1,021.92","1,032.14","1,042.36",8/18/2022
USD,"1,022.18","1,032.40","1,042.62",8/19/2022
USD,"1,022.46","1,032.68","1,042.91",8/22/2022
USD,"1,022.76","1,032.98","1,043.21",8/23/2022
USD,"1,023.04","1,033.27","1,043.50",8/24/2022
USD,"1,023.22","1,033.45","1,043.69",8/25/2022
USD,"1,023.56","1,033.79","1,044.03",8/26/2022
USD,"1,023.81","1,034.04","1,044.28",8/29/2022
USD,"1,024.19","1,034.44","1,044.68",8/30/2022
USD,"1,024.48","1,034.73","1,044.97",8/31/2022
USD,"1,024.81","1,035.06","1,045.30",9/1/2022
USD,"1,025.19","1,035.45","1,045.70",9/2/2022
USD,"1,025.52","1,035.78","1,046.03",9/5/2022
USD,"1,025.87","1,036.13","1,046.38",9/6/2022
USD,"1,026.21","1,036.47","1,046.73",9/7/2022
USD,"1,026.54","1,036.81","1,047.07",9/8/2022
USD,"1,026.83","1,037.10","1,047.36",9/9/2022
USD,"1,027.07","1,037.34","1,047.61",9/12/2022
USD,"1,027.39","1,037.67","1,047.94",9/13/2022
USD,"1,027.70","1,037.98","1,048.25",9/14/2022
USD,"1,028.00","1,038.28","1,048.56",9/15/2022
USD,"1,028.29","1,038.57","1,048.85",9/16/2022
USD,"1,028.64","1,038.93","1,049.21",9/19/2022
USD,"1,028.98","1,039.27","1,049.56",9/20/2022
USD,"1,029.33","1,039.62","1,049.91",9/21/2022
USD,"1,029.65","1,039.95","1,050.24",9/22/2022
USD,"1,029.93","1,040.23","1,050.53",9/23/2022
USD,"1,030.28","1,040.58","1,050.88",9/26/2022
USD,"1,030.65","1,040.95","1,051.26",9/27/2022
USD,"1,031.04","1,041.35","1,051.66",9/28/2022
USD,"1,031.34","1,041.65","1,051.96",9/29/2022
USD,"1,031.61","1,041.93","1,052.24",9/30/2022
USD,"1,031.86","1,042.18","1,052.50",10/3/2022
USD,"1,032.19","1,042.51","1,052.83",10/4/2022
USD,"1,032.46","1,042.78","1,053.10",10/5/2022
USD,"1,032.72","1,043.05","1,053.38",10/6/2022
USD,"1,033.22","1,043.55","1,053.88",10/7/2022
USD,"1,033.80","1,044.13","1,054.47",10/10/2022
USD,"1,034.29","1,044.63","1,054.97",10/11/2022
USD,"1,034.67","1,045.02","1,055.36",10/12/2022
USD,"1,035.16","1,045.51","1,055.86",10/13/2022
USD,"1,035.70","1,046.05","1,056.41",10/14/2022
USD,"1,036.04","1,046.40","1,056.76",10/17/2022
USD,"1,036.09","1,046.45","1,056.81",10/18/2022
USD,"1,036.37","1,046.73","1,057.09",10/19/2022
USD,"1,036.45","1,046.81","1,057.18",10/20/2022
USD,"1,036.68","1,047.04","1,057.41",10/21/2022
USD,"1,036.75","1,047.11","1,057.48",10/24/2022
USD,"1,037.24","1,047.61","1,057.98",10/25/2022
USD,"1,037.36","1,047.73","1,058.10",10/26/2022
USD,"1,037.71","1,048.09","1,058.46",10/27/2022
USD,"1,037.93","1,048.31","1,058.68",10/28/2022
USD,"1,038.45","1,048.83","1,059.22",10/31/2022
USD,"1,038.96","1,049.35","1,059.74",11/1/2022
USD,"1,039.51","1,049.91","1,060.30",11/2/2022
USD,"1,040.07","1,050.47","1,060.87",11/3/2022
USD,"1,040.19","1,050.59","1,060.99",11/4/2022
USD,"1,040.55","1,050.95","1,061.36",11/7/2022
USD,"1,040.77","1,051.17","1,061.58",11/8/2022
USD,"1,041.36","1,051.77","1,062.18",11/9/2022
USD,"1,041.99","1,052.40","1,062.82",11/10/2022
USD,"1,042.43","1,052.85","1,063.27",11/11/2022
USD,"1,042.74","1,053.17","1,063.60",11/14/2022
USD,"1,043.08","1,053.51","1,063.94",11/15/2022
USD,"1,043.76","1,054.20","1,064.64",11/16/2022
USD,"1,044.31","1,054.75","1,065.19",11/17/2022
USD,"1,044.49","1,054.93","1,065.37",11/18/2022
USD,"1,044.48","1,054.92","1,065.36",11/21/2022
USD,"1,045.07","1,055.52","1,065.97",11/22/2022
USD,"1,045.56","1,056.01","1,066.47",11/23/2022
USD,"1,045.85","1,056.31","1,066.77",11/24/2022
USD,"1,046.33","1,056.79","1,067.25",11/25/2022
USD,"1,046.37","1,056.83","1,067.29",11/28/2022
USD,"1,047.06","1,057.53","1,068.00",11/29/2022
USD,"1,047.16","1,057.63","1,068.10",11/30/2022
USD,"1,047.81","1,058.28","1,068.76",12/1/2022
USD,"1,048.47","1,058.95","1,069.44",12/2/2022
USD,"1,049.02","1,059.51","1,070.00",12/5/2022
USD,"1,049.72","1,060.21","1,070.71",12/6/2022
USD,"1,050.51","1,061.01","1,071.52",12/7/2022
USD,"1,051.07","1,061.58","1,072.09",12/8/2022
USD,"1,051.22","1,061.73","1,072.24",12/9/2022
USD,"1,052.20","1,062.72","1,073.25",12/12/2022
USD,"1,052.96","1,063.48","1,074.01",12/13/2022
USD,"1,053.65","1,064.19","1,074.72",12/14/2022
USD,"1,054.44","1,064.99","1,075.53",12/15/2022
USD,"1,054.69","1,065.24","1,075.78",12/16/2022
USD,"1,055.60","1,066.16","1,076.71",12/19/2022
USD,"1,056.41","1,066.97","1,077.53",12/20/2022
USD,"1,056.71","1,067.28","1,077.85",12/21/2022
USD,"1,057.83","1,068.40","1,078.98",12/22/2022
USD,"1,058.36","1,068.94","1,079.52",12/23/2022
USD,"1,058.96","1,069.55","1,080.14",12/28/2022
USD,"1,059.49","1,070.09","1,080.68",12/29/2022
USD,"1,060.11","1,070.71","1,081.31",12/30/2022
USD,"1,061.09","1,071.70","1,082.31",1/4/2023
USD,"1,061.56","1,072.18","1,082.79",1/5/2023
USD,"1,062.04","1,072.66","1,083.28",1/6/2023
USD,"1,062.48","1,073.11","1,083.73",1/9/2023
USD,"1,062.59","1,073.22","1,083.84",1/10/2023
USD,"1,063.78","1,074.42","1,085.05",1/11/2023
USD,"1,064.63","1,075.28","1,085.92",1/12/2023
USD,"1,065.01","1,075.66","1,086.31",1/13/2023
USD,"1,065.67","1,076.33","1,086.98",1/16/2023
USD,"1,066.35","1,077.01","1,087.67",1/17/2023
USD,"1,066.60","1,077.26","1,087.93",1/18/2023
USD,"1,066.72","1,077.39","1,088.05",1/19/2023
USD,"1,068.27","1,078.95","1,089.63",1/20/2023
USD,"1,069.04","1,079.73","1,090.41",1/23/2023
USD,"1,070.44","1,081.15","1,091.85",1/24/2023
USD,"1,071.15","1,081.86","1,092.57",1/25/2023
USD,"1,071.19","1,081.90","1,092.61",1/26/2023
USD,"1,072.68","1,083.41","1,094.14",1/27/2023
USD,"1,072.12","1,082.84","1,093.56",1/30/2023
USD,"1,073.03","1,083.76","1,094.49",1/31/2023
USD,"1,074.12","1,084.86","1,095.60",2/2/2023
USD,"1,075.04","1,085.79","1,096.54",2/3/2023
USD,"1,074.80","1,085.54","1,096.29",2/6/2023
USD,"1,076.13","1,086.89","1,097.65",2/7/2023
USD,"1,076.14","1,086.90","1,097.66",2/8/2023
USD,"1,076.12","1,086.88","1,097.64",2/9/2023
USD,"1,076.75","1,087.51","1,098.28",2/10/2023
USD,"1,076.92","1,087.68","1,098.45",2/13/2023
USD,"1,077.39","1,088.16","1,098.94",2/14/2023
USD,"1,077.51","1,088.28","1,099.06",2/15/2023
USD,"1,078.21","1,088.99","1,099.77",2/16/2023
USD,"1,078.69","1,089.47","1,100.26",2/17/2023
USD,"1,078.40","1,089.18","1,099.97",2/20/2023
USD,"1,079.35","1,090.14","1,100.93",2/21/2023
USD,"1,079.69","1,090.48","1,101.28",2/22/2023
USD,"1,080.60","1,091.41","1,102.21",2/23/2023
USD,"1,080.51","1,091.32","1,102.12",2/24/2023
USD,"1,081.28","1,092.10","1,102.91",2/27/2023
USD,"1,080.26","1,091.07","1,101.87",2/28/2023
USD,"1,080.24","1,091.05","1,101.85",3/1/2023
USD,"1,081.25","1,092.06","1,102.87",3/2/2023
USD,"1,080.93","1,091.73","1,102.54",3/3/2023
USD,"1,081.25","1,092.06","1,102.87",3/6/2023
USD,"1,081.58","1,092.39","1,103.21",3/7/2023
USD,"1,082.79","1,093.62","1,104.45",3/8/2023
USD,"1,083.80","1,094.64","1,105.48",3/9/2023
USD,"1,083.69","1,094.53","1,105.37",3/10/2023
USD,"1,083.75","1,094.59","1,105.43",3/13/2023
USD,"1,084.19","1,095.03","1,105.87",3/14/2023
USD,"1,084.23","1,095.07","1,105.91",3/15/2023
USD,"1,086.09","1,096.95","1,107.81",3/16/2023
USD,"1,085.27","1,096.12","1,106.97",3/17/2023
USD,"1,086.31","1,097.17","1,108.03",3/20/2023
USD,"1,086.12","1,096.98","1,107.84",3/21/2023
USD,"1,088.02","1,098.90","1,109.78",3/22/2023
USD,"1,089.64","1,100.53","1,111.43",3/23/2023
USD,"1,089.95","1,100.85","1,111.75",3/24/2023
USD,"1,089.36","1,100.25","1,111.14",3/27/2023
USD,"1,090.01","1,100.91","1,111.81",3/28/2023
USD,"1,091.31","1,102.22","1,113.13",3/29/2023
USD,"1,092.31","1,103.23","1,114.15",3/30/2023
USD,"1,092.70","1,103.62","1,114.55",3/31/2023
USD,"1,094.08","1,105.02","1,115.96",4/3/2023
USD,"1,094.19","1,105.13","1,116.07",4/4/2023
USD,"1,094.83","1,105.78","1,116.72",4/5/2023
USD,"1,094.94","1,105.88","1,116.83",4/6/2023
USD,"1,095.68","1,106.63","1,117.59",4/11/2023
USD,"1,096.31","1,107.27","1,118.23",4/12/2023
USD,"1,098.11","1,109.09","1,120.07",4/13/2023
USD,"1,099.22","1,110.21","1,121.20",4/14/2023
USD,"1,100.66","1,111.66","1,122.67",4/17/2023
USD,"1,101.39","1,112.40","1,123.41",4/18/2023
USD,"1,100.93","1,111.94","1,122.95",4/19/2023
USD,"1,101.93","1,112.95","1,123.97",4/20/2023
USD,"1,102.51","1,113.54","1,124.56",4/24/2023
USD,"1,102.66","1,113.69","1,124.71",4/25/2023
USD,"1,102.60","1,113.62","1,124.65",4/26/2023
USD,"1,103.69","1,114.73","1,125.76",4/27/2023
USD,"1,104.47","1,115.51","1,126.56",4/28/2023
USD,"1,105.31","1,116.36","1,127.41",5/2/2023
USD,"1,105.85","1,116.91","1,127.97",5/3/2023
USD,"1,106.34","1,117.40","1,128.46",5/4/2023
USD,"1,107.55","1,118.63","1,129.70",5/5/2023
USD,"1,108.26","1,119.35","1,130.43",5/8/2023
USD,"1,109.33","1,120.42","1,131.51",5/9/2023
USD,"1,109.45","1,120.54","1,131.64",5/10/2023
USD,"1,109.83","1,120.92","1,132.02",5/11/2023
USD,"1,110.41","1,121.51","1,132.61",5/12/2023
USD,"1,111.57","1,122.69","1,133.80",5/15/2023
USD,"1,112.00","1,123.12","1,134.24",5/16/2023
USD,"1,113.04","1,124.16","1,135.29",5/17/2023
USD,"1,113.54","1,124.67","1,135.81",5/18/2023
USD,"1,114.51","1,125.66","1,136.80",5/19/2023
USD,"1,115.18","1,126.33","1,137.48",5/22/2023
USD,"1,115.60","1,126.76","1,137.91",5/23/2023
USD,"1,116.24","1,127.40","1,138.56",5/24/2023
USD,"1,117.09","1,128.26","1,139.43",5/25/2023
USD,"1,117.92","1,129.10","1,140.28",5/26/2023
USD,"1,118.79","1,129.97","1,141.16",5/29/2023
USD,"1,119.60","1,130.79","1,141.99",5/30/2023
USD,"1,120.37","1,131.58","1,142.78",5/31/2023
USD,"1,121.37","1,132.58","1,143.79",6/1/2023
USD,"1,122.19","1,133.41","1,144.63",6/2/2023
USD,"1,123.21","1,134.44","1,145.67",6/5/2023
USD,"1,123.23","1,134.46","1,145.69",6/6/2023
USD,"1,124.62","1,135.86","1,147.11",6/7/2023
USD,"1,126.09","1,137.35","1,148.61",6/8/2023
USD,"1,126.94","1,138.21","1,149.48",6/9/2023
USD,"1,128.11","1,139.39","1,150.67",6/12/2023
USD,"1,130.12","1,141.42","1,152.72",6/13/2023
USD,"1,132.24","1,143.56","1,154.88",6/14/2023
USD,"1,133.94","1,145.28","1,156.62",6/15/2023
USD,"1,136.05","1,147.41","1,158.77",6/16/2023
USD,"1,138.50","1,149.88","1,161.27",6/19/2023
USD,"1,141.14","1,152.55","1,163.96",6/20/2023
USD,"1,142.95","1,154.38","1,165.81",6/21/2023
USD,"1,144.65","1,156.09","1,167.54",6/22/2023
USD,"1,146.65","1,158.11","1,169.58",6/23/2023
USD,"1,148.58","1,160.06","1,171.54",6/26/2023
USD,"1,150.59","1,162.09","1,173.60",6/27/2023
USD,"1,151.10","1,162.61","1,174.12",6/29/2023
USD,"1,153.03","1,164.55","1,176.08",6/30/2023
USD,"1,154.51","1,166.05","1,177.60",7/5/2023
USD,"1,155.46","1,167.01","1,178.57",7/6/2023
USD,"1,156.20","1,167.76","1,179.32",7/7/2023
USD,"1,157.25","1,168.82","1,180.39",7/10/2023
USD,"1,158.09","1,169.67","1,181.25",7/11/2023
USD,"1,158.31","1,169.89","1,181.48",7/12/2023
USD,"1,158.59","1,170.17","1,181.76",7/13/2023
USD,"1,159.04","1,170.62","1,182.21",7/14/2023
USD,"1,159.60","1,171.19","1,182.79",7/17/2023
USD,1160.718195,1172.324205,1183.930215,7/18/2023
USD,"1,161.17","1,172.79","1,184.40",7/19/2023
USD,"1,161.72","1,173.34","1,184.95",7/20/2023
USD,"1,162.54","1,174.16","1,185.79",7/21/2023
USD,"1,163.19","1,174.82","1,186.45",7/24/2023
USD,"1,163.94","1,175.58","1,187.22",7/25/2023
USD,"1,164.48","1,176.12","1,187.77",7/26/2023
USD,"1,165.22","1,176.87","1,188.52",7/27/2023
USD,"1,165.74","1,177.39","1,189.05",7/28/2023
USD,"1,166.48","1,178.14","1,189.81",7/31/2023
USD,"1,167.32","1,178.99","1,190.66",8/1/2023
USD,"1,167.96","1,179.64","1,191.32",8/2/2023
USD,"1,168.92","1,180.61","1,192.30",8/3/2023
USD,"1,169.57","1,181.26","1,192.95",8/7/2023
USD,"1,170.20","1,181.90","1,193.60",8/8/2023
USD,"1,170.81","1,182.52","1,194.23",8/9/2023
USD,"1,171.39","1,183.10","1,194.81",8/10/2023
USD,"1,172.00","1,183.72","1,195.44",8/11/2023
USD,"1,172.75","1,184.47","1,196.20",8/14/2023
USD,"1,173.80","1,185.53","1,197.27",8/16/2023
USD,"1,174.68","1,186.43","1,198.17",8/17/2023
USD,"1,175.37","1,187.12","1,198.87",8/18/2023
USD,"1,176.22","1,187.98","1,199.74",8/21/2023
USD,"1,176.94","1,188.71","1,200.48",8/22/2023
USD,"1,177.94","1,189.72","1,201.50",8/23/2023
USD,"1,178.40","1,190.18","1,201.96",8/24/2023
USD,"1,178.88","1,190.67","1,202.46",8/25/2023
USD,"1,179.42","1,191.21","1,203.00",8/28/2023
USD,"1,180.70","1,192.50","1,204.31",8/29/2023
USD,"1,181.14","1,192.95","1,204.76",8/30/2023
USD,"1,181.51","1,193.32","1,205.14",8/31/2023
USD,"1,181.99","1,193.80","1,205.62",9/1/2023
USD,"1,182.42","1,194.25","1,206.07",9/4/2023
USD,"1,183.29","1,195.12","1,206.95",9/5/2023
USD,"1,184.40","1,196.25","1,208.09",9/6/2023
USD,"1,184.86","1,196.71","1,208.56",9/7/2023
USD,"1,185.40","1,197.25","1,209.10",9/8/2023
USD,"1,185.76","1,197.62","1,209.48",9/11/2023
USD,"1,186.71","1,198.58","1,210.44",9/12/2023
USD,"1,187.05","1,198.92","1,210.78",9/13/2023
USD,"1,188.68","1,200.57","1,212.46",9/14/2023
USD,"1,189.04","1,200.93","1,212.82",9/15/2023
USD,"1,190.42","1,202.33","1,214.23",9/18/2023
USD,"1,190.67","1,202.58","1,214.48",9/19/2023
USD,"1,191.18","1,203.09","1,215.00",9/20/2023
USD,"1,193.11","1,205.04","1,216.97",9/21/2023
USD,"1,194.34","1,206.28","1,218.23",9/22/2023
USD,"1,196.47","1,208.43","1,220.39",9/25/2023
USD,"1,198.27","1,210.25","1,222.23",9/26/2023
USD,"1,200.62","1,212.62","1,224.63",9/27/2023
USD,"1,201.51","1,213.52","1,225.53",9/28/2023
USD,"1,202.88","1,214.91","1,226.94",9/29/2023
USD,"1,204.83","1,216.88","1,228.93",10/2/2023
USD,"1,205.94","1,218.00","1,230.05",10/3/2023
USD,"1,207.42","1,219.50","1,231.57",10/4/2023
USD,"1,208.66","1,220.74","1,232.83",10/5/2023
USD,"1,209.04","1,221.13","1,233.22",10/6/2023
USD,"1,209.15","1,221.24","1,233.33",10/9/2023
USD,"1,210.18","1,222.28","1,234.38",10/10/2023
USD,"1,210.23","1,222.33","1,234.43",10/11/2023
USD,"1,210.51","1,222.61","1,234.72",10/12/2023
USD,"1,210.87","1,222.98","1,235.09",10/13/2023
USD,"1,211.22","1,223.33","1,235.44",10/16/2023
USD,"1,211.72","1,223.84","1,235.95",10/17/2023
USD,"1,212.77","1,224.90","1,237.02",10/18/2023
USD,"1,212.87","1,225.00","1,237.12",10/19/2023
USD,"1,213.83","1,225.97","1,238.11",10/20/2023
USD,"1,214.48","1,226.63","1,238.77",10/23/2023
USD,"1,215.32","1,227.48","1,239.63",10/24/2023
USD,"1,215.87","1,228.03","1,240.18",10/25/2023
USD,"1,216.40","1,228.56","1,240.72",10/26/2023
USD,"1,216.92","1,229.08","1,241.25",10/27/2023
USD,"1,217.33","1,229.50","1,241.67",10/30/2023
USD,"1,218.02","1,230.20","1,242.38",10/31/2023
USD,"1,218.68","1,230.87","1,243.05",11/1/2023
USD,"1,219.05","1,231.24","1,243.43",11/2/2023
USD,"1,219.66","1,231.85","1,244.05",11/3/2023
USD,"1,219.55","1,231.74","1,243.94",11/6/2023
USD,"1,219.98","1,232.18","1,244.38",11/7/2023
USD,"1,220.48","1,232.69","1,244.89",11/8/2023
USD,"1,221.03","1,233.24","1,245.45",11/9/2023
USD,"1,221.77","1,233.99","1,246.21",11/10/2023
USD,"1,222.56","1,234.78","1,247.00",11/13/2023
USD,"1,223.36","1,235.59","1,247.82",11/14/2023
USD,"1,224.05","1,236.29","1,248.53",11/15/2023
USD,"1,224.90","1,237.15","1,249.40",11/16/2023
USD,"1,224.93","1,237.18","1,249.42",11/17/2023
USD,"1,225.81","1,238.07","1,250.32",11/20/2023
USD,"1,226.78","1,239.05","1,251.31",11/21/2023
USD,"1,227.66","1,239.94","1,252.21",11/22/2023
USD,"1,228.57","1,240.86","1,253.14",11/23/2023
USD,"1,229.44","1,241.74","1,254.03",11/24/2023
USD,"1,230.41","1,242.71","1,255.01",11/27/2023
USD,"1,231.69","1,244.01","1,256.32",11/28/2023
USD,"1,232.91","1,245.24","1,257.56",11/29/2023
USD,"1,234.42","1,246.77","1,259.11",11/30/2023
USD,"1,235.74","1,248.09","1,260.45",12/1/2023
USD,"1,236.69","1,249.06","1,261.42",12/4/2023
USD,"1,238.09","1,250.47","1,262.85",12/5/2023
USD,"1,238.95","1,251.34","1,263.73",12/6/2023
USD,"1,238.81","1,251.20","1,263.59",12/7/2023
USD,"1,239.59","1,251.98","1,264.37",12/8/2023
USD,"1,240.36","1,252.76","1,265.16",12/11/2023
USD,"1,241.26","1,253.67","1,266.08",12/12/2023
USD,"1,242.27","1,254.69","1,267.11",12/13/2023
USD,"1,242.93","1,255.36","1,267.78",12/14/2023
USD,"1,243.99","1,256.43","1,268.87",12/15/2023
USD,"1,244.83","1,257.28","1,269.72",12/18/2023
USD,"1,245.78","1,258.24","1,270.69",12/19/2023
USD,"1,247.01","1,259.48","1,271.95",12/20/2023
USD,"1,247.57","1,260.04","1,272.52",12/21/2023
USD,"1,248.97","1,261.46","1,273.94",12/22/2023
USD,"1,249.60","1,262.10","1,274.59",12/27/2023
USD,"1,250.45","1,262.95","1,275.45",12/28/2023
USD,"1,251.42","1,263.93","1,276.44",12/29/2023
USD,"1,253.60","1,266.14","1,278.67",1/3/2024
USD,"1,254.96","1,267.50","1,280.05",1/4/2024
USD,"1,255.60","1,268.16","1,280.71",1/5/2024
USD,"1,256.02","1,268.58","1,281.14",1/8/2024
USD,"1,256.12","1,268.68","1,281.24",1/9/2024
USD,"1,256.35","1,268.91","1,281.47",1/10/2024
USD,"1,257.19","1,269.76","1,282.33",1/11/2024
USD,"1,257.83","1,270.41","1,282.98",1/12/2024
USD,"1,257.73","1,270.31","1,282.89",1/15/2024
USD,"1,258.48","1,271.06","1,283.64",1/16/2024
USD,"1,258.97","1,271.56","1,284.15",1/17/2024
USD,"1,259.01","1,271.59","1,284.18",1/18/2024
USD,"1,258.90","1,271.49","1,284.08",1/19/2024
USD,"1,259.40","1,271.99","1,284.58",1/22/2024
USD,"1,259.96","1,272.56","1,285.16",1/23/2024
USD,"1,260.47","1,273.07","1,285.68",1/24/2024
USD,"1,261.31","1,273.92","1,286.53",1/25/2024
USD,"1,261.45","1,274.06","1,286.68",1/26/2024
USD,"1,261.31","1,273.92","1,286.53",1/29/2024
USD,"1,261.78","1,274.40","1,287.01",1/30/2024
USD,"1,262.28","1,274.90","1,287.52",1/31/2024
USD,"1,262.44","1,275.06","1,287.69",2/2/2024
USD,"1,262.85","1,275.48","1,288.11",2/5/2024
USD,"1,263.10","1,275.73","1,288.36",2/6/2024
USD,"1,262.88","1,275.51","1,288.13",2/7/2024
USD,"1,262.86","1,275.49","1,288.12",2/8/2024
USD,"1,263.43","1,276.06","1,288.70",2/9/2024
USD,"1,263.87","1,276.51","1,289.14",2/12/2024
USD,"1,264.91","1,277.56","1,290.21",2/13/2024
USD,"1,263.83","1,276.46","1,289.10",2/14/2024
USD,"1,264.49","1,277.13","1,289.78",2/15/2024
USD,"1,265.24","1,277.89","1,290.54",2/16/2024
USD,"1,266.05","1,278.71","1,291.37",2/19/2024
USD,"1,266.40","1,279.06","1,291.73",2/20/2024
USD,"1,266.15","1,278.81","1,291.47",2/21/2024
USD,"1,266.95","1,279.62","1,292.29",2/22/2024
USD,"1,267.29","1,279.96","1,292.63",2/23/2024
USD,"1,267.96","1,280.63","1,293.31",2/26/2024
USD,"1,267.72","1,280.40","1,293.07",2/27/2024
USD,"1,268.55","1,281.23","1,293.91",2/28/2024
USD,"1,269.05","1,281.74","1,294.43",2/29/2024
USD,"1,269.72","1,282.41","1,295.11",3/1/2024
USD,"1,270.61","1,283.31","1,296.02",3/4/2024
USD,"1,271.63","1,284.34","1,297.06",3/5/2024
USD,"1,271.53","1,284.25","1,296.96",3/6/2024
USD,"1,272.35","1,285.07","1,297.79",3/7/2024
USD,"1,272.55","1,285.28","1,298.00",3/8/2024
USD,"1,272.51","1,285.24","1,297.96",3/11/2024
USD,"1,272.94","1,285.67","1,298.40",3/12/2024
USD,"1,273.46","1,286.20","1,298.93",3/13/2024
USD,"1,273.86","1,286.59","1,299.33",3/14/2024
USD,"1,274.45","1,287.19","1,299.94",3/15/2024
USD,"1,275.63","1,288.38","1,301.14",3/18/2024
USD,"1,274.85","1,287.59","1,300.34",3/19/2024
USD,"1,275.76","1,288.51","1,301.27",3/20/2024
USD,"1,275.96","1,288.72","1,301.48",3/21/2024
USD,"1,276.33","1,289.09","1,301.86",3/22/2024
USD,"1,276.83","1,289.60","1,302.36",3/25/2024
USD,"1,277.32","1,290.09","1,302.86",3/26/2024
USD,"1,277.33","1,290.10","1,302.88",3/27/2024
USD,"1,277.43","1,290.20","1,302.98",3/28/2024
USD,"1,278.14","1,290.92","1,303.70",4/2/2024
USD,"1,278.03","1,290.81","1,303.58",4/3/2024
USD,"1,278.31","1,291.09","1,303.87",4/4/2024
USD,"1,278.47","1,291.26","1,304.04",4/5/2024
USD,"1,278.99","1,291.78","1,304.57",4/9/2024
USD,"1,279.41","1,292.21","1,305.00",4/11/2024
USD,"1,279.73","1,292.53","1,305.32",4/12/2024
USD,"1,279.70","1,292.49","1,305.29",4/15/2024
USD,"1,280.29","1,293.09","1,305.89",4/16/2024
USD,"1,280.50","1,293.31","1,306.11",4/17/2024
USD,"1,281.17","1,293.98","1,306.79",4/18/2024
USD,"1,280.95","1,293.76","1,306.57",4/19/2024
USD,"1,281.17","1,293.98","1,306.79",4/22/2024
USD,"1,281.40","1,294.22","1,307.03",4/23/2024
USD,"1,281.91","1,294.73","1,307.55",4/24/2024
USD,"1,281.87","1,294.69","1,307.51",4/25/2024
USD,"1,282.27","1,295.09","1,307.91",4/26/2024
USD,"1,282.77","1,295.59","1,308.42",4/29/2024
USD,"1,282.27","1,295.09","1,307.91",4/30/2024
USD,"1,283.27","1,296.10","1,308.93",5/2/2024
USD,"1,283.52","1,296.35","1,309.19",5/3/2024
USD,"1,284.14","1,296.98","1,309.82",5/6/2024
USD,"1,284.46","1,297.30","1,310.15",5/7/2024
USD,"1,284.85","1,297.70","1,310.55",5/8/2024
USD,"1,285.09","1,297.94","1,310.78",5/9/2024
USD,"1,285.04","1,297.89","1,310.74",5/10/2024
USD,"1,285.50","1,298.35","1,311.21",5/13/2024
USD,"1,286.24","1,299.10","1,311.96",5/14/2024
USD,"1,285.75","1,298.60","1,311.46",5/15/2024
USD,"1,286.13","1,298.99","1,311.85",5/16/2024
USD,"1,286.41","1,299.27","1,312.13",5/17/2024
USD,"1,287.05","1,299.91","1,312.78",5/20/2024
USD,"1,287.23","1,300.10","1,312.97",5/21/2024
USD,1287.796521,1300.673186,1313.549851,5/22/2024
USD,1288.220849,1301.101756,1313.982663,5/23/2024
USD,1288.270353,1301.151755,1314.033157,5/24/2024
USD,"1,288.46","1,301.34","1,314.22",5/27/2024
USD,1289.363586,1302.25592,1315.148254,5/28/2024
USD,1289.572216,1302.466636,1315.361056,5/29/2024
USD,1289.943504,1302.841636,1315.739768,5/30/2024
USD,1290.082327,1302.981847,1315.881367,5/31/2024
USD,1290.331053,1303.23306,1316.135067,6/3/2024
USD,1291.319955,1304.23185,1317.143745,6/4/2024
USD,1291.620158,1304.535055,1317.449952,6/5/2024
USD,1291.850004,1304.767199,1317.684394,6/6/2024
USD,1292.362733,1305.285055,1318.207377,6/7/2024
USD,1292.622045,1305.54696,1318.471875,6/10/2024
USD,1293.282115,1306.21363,1319.145145,6/11/2024
USD,1293.653401,1306.588628,1319.523855,6/12/2024
USD,1293.939115,1306.877199,1319.815283,6/13/2024
USD,1294.236144,1307.177198,1320.118252,6/14/2024
USD,1294.467166,1307.41053,1320.353894,6/18/2024
USD,"1,294.96","1,307.91","1,320.86",6/19/2024
USD,"1,295.62","1,308.58","1,321.53",6/20/2024
USD,"1,296.06","1,309.02","1,321.98",6/21/2024
USD,"1,296.33","1,309.30","1,322.26",6/24/2024
USD,"1,296.42","1,309.38","1,322.35",6/25/2024
USD,"1,297.24","1,310.21","1,323.18",6/26/2024
USD,"1,297.90","1,310.88","1,323.86",6/27/2024
USD,"1,298.15","1,311.13","1,324.11",6/28/2024
USD,"1,298.98","1,311.97","1,324.96",7/2/2024
USD,"1,299.60","1,312.59","1,325.58",7/3/2024
USD,"1,299.73","1,312.73","1,325.73",7/5/2024
USD,"1,299.93","1,312.93","1,325.93",7/8/2024
USD,"1,300.25","1,313.25","1,326.25",7/9/2024
USD,"1,300.40","1,313.40","1,326.40",7/10/2024
USD,"1,301.59","1,314.60","1,327.62",7/11/2024
USD,"1,301.00","1,314.01","1,327.02",7/12/2024
USD,"1,301.40","1,314.41","1,327.42",7/17/2024
USD,"1,301.73","1,314.74","1,327.76",7/18/2024
USD,"1,301.94","1,314.96","1,327.98",7/19/2024
USD,"1,301.39","1,314.40","1,327.42",7/22/2024
USD,"1,301.50","1,314.52","1,327.53",7/23/2024
USD,"1,302.12","1,315.14","1,328.16",7/24/2024
USD,"1,302.49","1,315.51","1,328.53",7/25/2024
USD,"1,301.98","1,315.00","1,328.02",7/26/2024
USD,"1,302.84","1,315.87","1,328.90",7/29/2024
USD,"1,303.70","1,316.74","1,329.78",7/30/2024
USD,"1,304.62","1,317.67","1,330.71",7/31/2024
USD,1305.456067,1318.509309,1331.562551,8/1/2024
USD,"1,306.44","1,319.50","1,332.56",8/5/2024
USD,"1,307.23","1,320.30","1,333.37",8/6/2024
USD,"1,307.97","1,321.05","1,334.13",8/7/2024
USD,"1,308.81","1,321.90","1,334.99",8/8/2024
USD,"1,309.75","1,322.85","1,335.95",8/9/2024
USD,"1,310.72","1,323.83","1,336.94",8/13/2024
USD,"1,311.58","1,324.70","1,337.81",8/14/2024
USD,"1,312.46","1,325.58","1,338.70",8/16/2024
USD,"1,313.36","1,326.49","1,339.62",8/19/2024
USD,"1,314.30","1,327.44","1,340.58",8/20/2024
USD,"1,315.34","1,328.49","1,341.64",8/21/2024
USD,"1,316.26","1,329.42","1,342.58",8/22/2024
USD,"1,316.96","1,330.13","1,343.30",8/23/2024
USD,1318.111524,1331.291308,1344.471092,8/26/2024
USD,1318.963012,1332.15131,1345.339608,8/27/2024
USD,1319.847863,1333.045009,1346.242155,8/28/2024
USD,1320.758966,1333.965222,1347.171478,8/29/2024
USD,1321.600869,1334.815543,1348.030217,8/30/2024
USD,"1,321.99","1,335.21","1,348.43",9/2/2024
USD,"1,322.72","1,335.94","1,349.17",9/3/2024
USD,"1,323.02","1,336.25","1,349.48",9/4/2024
USD,"1,323.98","1,337.22","1,350.45",9/5/2024
USD,"1,324.16","1,337.40","1,350.64",9/6/2024
USD,"1,324.41","1,337.65","1,350.89",9/9/2024
USD,"1,324.56","1,337.80","1,351.05",9/10/2024
USD,"1,325.06","1,338.31","1,351.56",9/11/2024
USD,"1,325.38","1,338.63","1,351.88",9/12/2024
USD,"1,326.22","1,339.48","1,352.75",9/13/2024
USD,"1,326.97","1,340.23","1,353.50",9/16/2024
USD,"1,327.09","1,340.36","1,353.63",9/17/2024
USD,"1,327.34","1,340.61","1,353.88",9/18/2024
USD,"1,327.56","1,340.84","1,354.11",9/19/2024
USD,"1,328.18","1,341.46","1,354.74",9/20/2024
USD,"1,328.81","1,342.09","1,355.38",9/23/2024
USD,1329.461567,1342.75484,1356.048113,9/24/2024
USD,1330.241957,1343.543033,1356.844109,9/25/2024
USD,1331.160582,1344.470843,1357.781104,9/26/2024
USD,1331.995907,1345.314521,1358.633135,9/27/2024
USD,1332.630768,1345.9557,1359.280692,9/30/2024
USD,1333.534037,1346.86803,1360.202023,10/1/2024
USD,1334.077247,1347.416672,1360.756097,10/2/2024
USD,1334.867347,1348.214672,1361.561997,10/3/2024
USD,1335.652249,1349.007422,1362.362595,10/4/2024
USD,1336.543339,1349.907422,1363.271505,10/7/2024
USD,1337.211614,1350.58238,1363.953146,10/8/2024
USD,1337.746495,1351.122609,1364.498723,10/9/2024
USD,1338.056774,1351.43599,1364.815206,10/10/2024
USD,1338.704696,1352.090391,1365.476086,10/11/2024
USD,1339.217957,1352.608784,1365.999611,10/14/2024
USD,1339.851746,1353.24891,1366.646074,10/15/2024
USD,1340.155743,1353.555947,1366.956151,10/16/2024
USD,1340.845153,1354.25225,1367.659347,10/17/2024
USD,1341.344582,1354.756673,1368.168764,10/18/2024
USD,1341.775375,1355.191774,1368.608173,10/21/2024
USD,1342.528838,1355.95277,1369.376702,10/22/2024
USD,1343.369983,1356.802326,1370.234669,10/23/2024
USD,1343.965253,1357.403548,1370.841843,10/24/2024
USD,1344.904581,1358.352268,1371.799955,10/25/2024
USD,1345.800173,1359.256815,1372.713457,10/28/2024
USD,1346.504881,1359.96857,1373.432259,10/29/2024
USD,1347.318932,1360.790761,1374.26259,10/30/2024
USD,1348.15807,1361.638289,1375.118508,10/31/2024
USD,1348.744853,1362.230939,1375.717025,11/1/2024
USD,1349.482477,1362.975939,1376.469401,11/4/2024
USD,1350.10141,1363.60106,1377.10071,11/5/2024
USD,1350.570288,1364.074627,1377.578966,11/6/2024
USD,1350.906625,1364.414327,1377.922029,11/7/2024
USD,1351.592667,1365.107229,1378.621791,11/8/2024
USD,1352.002581,1365.521241,1379.039901,11/11/2024
USD,1352.682323,1366.20778,1379.733237,11/12/2024
USD,1353.076099,1366.605493,1380.134887,11/13/2024
USD,1353.883496,1367.420964,1380.958432,11/14/2024
USD,1354.8188,1368.36562,1381.91244,11/15/2024
USD,1355.252714,1368.803872,1382.35503,11/18/2024
USD,1355.995455,1369.55404,1383.112625,11/19/2024
USD,1356.441385,1370.004429,1383.567473,11/20/2024
USD,1356.639405,1370.204429,1383.769453,11/21/2024
USD,1356.964367,1370.53264,1384.100913,11/22/2024
USD,1357.67627,1371.251661,1384.827052,11/25/2024
USD,1358.514537,1372.09831,1385.682083,11/26/2024
USD,1358.964249,1372.552519,1386.140789,11/27/2024
USD,1359.696449,1373.29204,1386.887631,11/28/2024
USD,1359.994706,1373.593279,1387.191852,11/29/2024
USD,1360.865498,1374.472779,1388.08006,12/2/2024
USD,1361.196609,1374.8072,1388.417791,12/3/2024
USD,1361.45009,1375.063216,1388.676342,12/4/2024
USD,1361.989341,1375.607859,1389.226377,12/5/2024
USD,1362.361077,1375.983312,1389.605547,12/6/2024
USD,1362.831721,1376.458662,1390.085603,12/9/2024
USD,1363.163611,1376.79387,1390.424129,12/10/2024
USD,1363.812527,1377.449275,1391.086023,12/11/2024
USD,1364.210931,1377.851662,1391.492393,12/12/2024
USD,1364.750466,1378.396592,1392.042718,12/13/2024
USD,1365.168101,1378.818403,1392.468705,12/16/2024
USD,1365.824722,1379.48159,1393.138458,12/17/2024
USD,1366.02376,1379.682618,1393.341476,12/18/2024
USD,1366.278004,1379.939404,1393.600804,12/19/2024
USD,1366.644401,1380.309465,1393.974529,12/20/2024
USD,1367.420041,1381.09286,1394.765679,12/23/2024
USD,1367.996388,1381.67497,1395.353552,12/24/2024
USD,1368.085443,1381.764916,1395.444389,12/27/2024
USD,1368.553114,1382.237263,1395.921412,12/30/2024
USD,1369.295767,1382.987342,1396.678917,12/31/2024
USD,1369.879926,1383.577342,1397.274758,1/3/2025
USD,1370.525689,1384.229562,1397.933435,1/6/2025
USD,1371.267007,1384.978292,1398.689577,1/7/2025
USD,1371.273351,1384.9847,1398.696049,1/8/2025
USD,1371.591642,1385.306173,1399.020704,1/9/2025
USD,1372.104879,1385.824542,1399.544205,1/10/2025
USD,1372.555732,1386.279903,1400.004074,1/13/2025
USD,1372.761957,1386.48819,1400.214423,1/14/2025
USD,1373.506241,1387.239916,1400.973591,1/15/2025
USD,1373.84314,1387.580184,1401.317228,1/16/2025
USD,1374.379705,1388.122114,1401.864523,1/17/2025
USD,1375.003688,1388.752336,1402.500984,1/20/2025
USD,1375.387682,1389.14017,1402.892658,1/21/2025
USD,1375.674405,1389.42976,1403.185115,1/22/2025
USD,1376.235242,1389.996204,1403.757166,1/23/2025
USD,1376.955815,1390.723982,1404.492149,1/24/2025
USD,1377.767905,1391.544193,1405.320481,1/27/2025
USD,1378.54121,1392.32523,1406.10925,1/28/2025
USD,1379.095661,1392.885225,1406.674789,1/29/2025
USD,1379.923956,1393.721802,1407.519648,1/30/2025
USD,1380.151679,1393.951802,1407.751925,1/31/2025
USD,1381.082371,1394.8918,1408.701229,2/4/2025
USD,1381.792627,1395.609158,1409.425689,2/5/2025
USD,1382.555004,1396.379158,1410.203312,2/6/2025
USD,1382.802529,1396.629158,1410.455787,2/7/2025
USD,1383.316754,1397.148524,1410.980294,2/10/2025
USD,1383.971047,1397.80936,1411.647673,2/11/2025
USD,1384.57055,1398.414857,1412.259164,2/12/2025
USD,1385.016314,1398.865078,1412.713842,2/13/2025
USD,1385.748756,1399.604844,1413.460932,2/14/2025
USD,1386.636696,1400.501662,1414.366628,2/17/2025
USD,1387.391051,1401.26356,1415.136069,2/18/2025
USD,1388.229307,1402.110198,1415.991089,2/19/2025
USD,1388.647969,1402.533046,1416.418123,2/20/2025
USD,1389.414188,1403.306927,1417.199666,2/21/2025
USD,1389.572604,1403.466927,1417.36125,2/24/2025
USD,1390.34039,1404.24239,1418.14439,2/25/2025
USD,1390.687175,1404.592642,1418.498109,2/26/2025
USD,1390.982861,1404.891285,1418.799709,2/27/2025
USD,1391.507614,1405.421285,1419.334956,2/28/2025
USD,1392.383302,1406.305729,1420.228156,3/3/2025
USD,1393.349958,1407.28205,1421.214142,3/4/2025
USD,1394.086648,1408.026106,1421.965564,3/5/2025
USD,1394.385748,1408.328197,1422.270646,3/6/2025
USD,1394.933153,1408.881076,1422.828999,3/7/2025
USD,1395.147675,1409.097743,1423.047811,3/10/2025
USD,1395.682326,1409.63774,1423.593154,3/11/2025
USD,1395.975534,1409.933879,1423.892224,3/12/2025
USD,1396.461703,1410.42491,1424.388117,3/13/2025
USD,1396.743783,1410.70981,1424.675837,3/14/2025
USD,1397.177221,1411.147582,1425.117943,3/17/2025
USD,1397.806913,1411.78357,1425.760227,3/18/2025
USD,1398.619536,1412.604319,1426.589102,3/19/2025
USD,1399.288693,1413.280167,1427.271641,3/20/2025
USD,1399.393877,1413.386402,1427.378927,3/21/2025
USD,1399.613107,1413.607824,1427.602541,3/24/2025
USD,1399.842954,1413.83997,1427.836986,3/25/2025
USD,1400.211491,1414.212192,1428.212893,3/26/2025
USD,1400.480037,1414.483423,1428.486809,3/27/2025
USD,1400.946408,1414.954457,1428.962506,3/28/2025
USD,1401.182055,1415.19246,1429.202865,4/1/2025
USD,1401.666569,1415.681819,1429.697069,4/2/2025
USD,1401.791003,1415.807497,1429.823991,4/3/2025
USD,1401.518726,1415.532498,1429.54627,4/4/2025
USD,1401.766253,1415.7825,1429.798747,4/8/2025
USD,1401.964271,1415.982498,1430.000725,4/9/2025
USD,1401.55833,1415.572498,1429.586666,4/10/2025
USD,1401.782093,1415.798498,1429.814903,4/11/2025
USD,1401.8514,1415.868498,1429.885596,4/14/2025
USD,1401.999917,1416.0185,1430.037083,4/15/2025
USD,1401.688033,1415.703498,1429.718963,4/16/2025
USD,1401.420706,1415.433498,1429.44629,4/17/2025
USD,1401.202884,1415.213498,1429.224112,4/22/2025
USD,1401.292036,1415.303541,1429.315047,4/23/2025
USD,1401.787086,1415.803541,1429.819997,4/24/2025
USD,1402.178176,1416.198541,1430.218907,4/25/2025
USD,1402.212829,1416.233541,1430.254253,4/28/2025
USD,1402.52966,1416.55354,1430.57742,4/29/2025
USD,1402.942533,1416.970541,1430.99855,4/30/2025
USD,1403.259365,1417.290541,1431.321718,5/5/2025
USD,1403.41778,1417.45054,1431.4833,5/6/2025
USD,1403.764316,1417.800541,1431.836767,5/7/2025
USD,1404.176188,1418.216531,1432.256875,5/8/2025
USD,1404.739166,1418.785139,1432.831112,5/9/2025
USD,1405.229187,1419.280059,1433.330932,5/12/2025
USD,1405.318296,1419.37006,1433.421824,5/13/2025
USD,1405.491563,1419.545059,1433.598555,5/14/2025
USD,1405.174611,1419.224938,1433.275265,5/15/2025
USD,1404.743919,1418.789939,1432.835959,5/16/2025
USD,1404.856117,1418.903259,1432.950401,5/19/2025
USD,1404.598692,1418.64326,1432.687828,5/20/2025
USD,1404.554124,1418.598247,1432.64237,5/21/2025
USD,1404.679943,1418.725324,1432.770705,5/22/2025
USD,1404.78497,1418.831401,1432.877832,5/23/2025
USD,1405.200812,1419.251401,1433.30199,5/26/2025
USD,1404.98794,1419.0364,1433.08486,5/27/2025
USD,1405.324574,1419.3764,1433.428226,5/28/2025
USD,1405.824574,1419.8814,1433.938226,5/29/2025
USD,1405.740415,1419.796399,1433.852383,5/30/2025
USD,1406.447079,1420.510129,1434.573179,6/2/2025
USD,1407.199566,1421.27014,1435.340714,6/3/2025
USD,1407.575804,1421.65014,1435.724476,6/4/2025
USD,1406.93719,1421.005141,1435.073092,6/5/2025
USD,1408.93719,1422.030399,1435.123608,6/9/2025
USD,1410.43719,1422.88096,1435.32473,6/10/2025
USD,1410.93832,1423.241351,1435.544382,6/11/2025
USD,1411.66146,1423.699459,1435.737457,6/12/2025
USD,1412.28276,1424.116214,1435.949668,6/13/2025
USD,1413.78276,1424.991321,1436.199881,6/16/2025
USD,1416.678541,1426.59028,1436.502013,6/17/2025
USD,1418.499882,1427.606108,1436.712334,6/18/2025
USD,1420.603093,1428.758374,1436.913655,6/19/2025
USD,1422.556308,1429.832142,1437.107976,6/20/2025
USD,1424.577649,1430.947928,1437.318207,6/23/2025
USD,1427.518438,1432.51844,1437.518438,6/24/2025
USD,1427.698561,1432.698606,1437.69865,6/25/2025
USD,1427.821584,1432.821584,1437.821584,6/26/2025
USD,1427.931797,1432.931797,1437.931797,6/27/2025
USD,1428.018438,1433.018438,1438.018438,6/30/2025
USD,1428.398459,1433.398459,1438.398459,7/7/2025
USD,1428.80059,1433.80059,1438.80059,7/8/2025
USD,1429.291806,1434.291806,1439.291806,7/9/2025
USD,1429.723031,1434.723031,1439.723031,7/10/2025
USD,1430.168438,1435.168438,1440.168438,7/11/2025
USD,1430.660551,1435.660551,1440.660551,7/14/2025
USD,1431.17076,1436.17076,1441.17076,7/15/2025
USD,1431.672896,1436.672896,1441.672896,7/16/2025
USD,1432.163518,1437.163518,1442.163518,7/17/2025
USD,1432.618438,1437.618438,1442.618438,7/18/2025
USD,1433.17857,1438.17857,1443.17857,7/21/2025
USD,1433.63878,1438.63878,1443.63878,7/22/2025
USD,1434.136101,1439.136101,1444.136101,7/23/2025
USD,1434.654422,1439.654422,1444.654422,7/24/2025
USD,1435.157638,1440.157638,1445.157638,7/25/2025
USD,1435.677851,1440.677851,1445.677851,7/28/2025
USD,1435.71806,1440.71806,1445.71806,7/29/2025
USD,1435.858064,1440.858064,1445.858064,7/30/2025
USD,1436.016385,1441.016385,1446.016385,7/31/2025
USD,1436.526706,1441.526706,1446.526706,8/4/2025
USD,1437.02503,1442.02503,1447.02503,8/5/2025
USD,1437.533243,1442.533243,1447.533243,8/6/2025
USD,1438.043456,1443.043456,1448.043456,8/7/2025
USD,1438.539288,1443.539288,1448.539288,8/8/2025
USD,1439.03,1444.03,1449.03,8/11/2025
USD,1439.14,1444.14,1449.14,8/12/2025
USD,1439.27,1444.27,1449.27,8/13/2025
USD,1439.5,1444.5,1449.5,8/14/2025
USD,1439.64,1444.64,1449.64,8/18/2025
USD,1439.795,1444.795,1449.795,8/19/2025
USD,1439.89,1444.89,1449.89,8/20/2025
USD,1439.925,1444.925,1449.925,8/21/2025
USD,1440.005,1445.005,1450.005,8/22/2025
USD,1439.975,1444.975,1449.975,8/25/2025
USD,1440.14,1445.14,1450.14,8/26/2025
USD,1440.245,1445.245,1450.245,8/27/2025
USD,1440.39,1445.39,1450.39,8/28/2025
USD,1440.505,1445.505,1450.505,8/29/2025
USD,1440.65,1445.65,1450.65,9/1/2025
USD,1440.785,1445.785,1450.785,9/2/2025
USD,1440.825,1445.825,1450.825,9/3/2025
USD,1440.915,1445.915,1450.915,9/4/2025
USD,1440.995,1445.995,1450.995,9/5/2025
USD,1441.095,1446.095,1451.095,9/8/2025
USD,1441.165,1446.165,1451.165,9/9/2025
USD,1441.355,1446.355,1451.355,9/10/2025
USD,1441.49,1446.49,1451.49,9/11/2025
USD,1441.6,1446.6,1451.6,9/12/2025
USD,1441.75,1446.75,1451.75,9/15/2025
USD,1441.94,1446.94,1451.94,9/16/2025
USD,1442.02,1447.02,1452.02,9/17/2025
USD,1442.145,1447.145,1452.145,9/18/2025
USD,1442.215,1447.215,1452.215,9/19/2025